country_name,population_density,agricultural_land,land_area,armed_forces,birth_rate,capital_city,co2_emissions,cpi,fertility_rate,forested_area,gasoline_price,gdp,infant_mortality,largest_city,life_expectancy,minimum_wage,official_language,out_of_pocket_health_expenditure,population,population_labor_force,tax_revenue,total_tax_rate,unemployment_rate,urban_population,latitude,longitude
Afghanistan,60,0.581,652230,323000,0.3249,Kabul,8672,149.9,4.47,0.021,0.70,19101353833.00,0.479,Kabul,0.645,0.43,Pashto,0.784,38041754,0.489,0.09300000000000000,0.7140000000000000,0.1112,9797273,33.93911,67.709953
Albania,105,0.431,28748,9000,0.11780000000000000,Tirana,4536,119.05,1.62,0.281,1.36,15278077447.00,0.078,Tirana,0.785,1.12,Albanian,0.569,2854191,0.557,0.18600000000000000,0.366,0.1233,1747593,41.153332,20.168331
Algeria,18,0.174,2381741,317000,0.24280000000000000,Algiers,150006,151.36,3.02,0.008,0.28,169988236398.00,0.201,Algiers,0.767,0.95,Arabic,0.281,43053054,0.41200000000000000,0.37200000000000000,0.6610000000000000,0.11700000000000000,31510100,28.033886,1.659626
Angola,26,0.475,1246700,117000,0.4073,Luanda,34693,261.73000000000000,5.52,0.46300000000000000,0.97,94635415870.00,0.516,Luanda,0.608,0.71,Portuguese,0.33400000000000000,31825295,0.775,0.092,0.491,0.0689,21061025,-11.202692,17.873887
Argentina,17,0.5430000000000000,2780400,105000,0.1702,Buenos Aires,201348,232.75,2.26,0.098,1.10,449663446954.00,0.08800000000000000,Buenos Aires,0.765,3.35,Spanish,0.17600000000000000,44938712,0.613,0.10100000000000000,1.063,0.09790000000000000,41339571,-38.416097,-63.616672
Armenia,104,0.589,29743,49000,0.1399,Yerevan,5156,129.18,1.76,0.11700000000000000,0.77,13672802158.00,0.11,Yerevan,0.7490000000000000,0.66,Armenian,0.816,2957731,0.556,0.209,0.226,0.1699,1869848,40.069099,45.038189
Australia,3,0.48200000000000000,7741220,58000,0.126,Canberra,375908,119.8,1.74,0.163,0.93,1392680589329.00,0.031,Sydney,0.8270000000000000,13.59,None,0.196,25766605,0.655,0.23,0.474,0.0527,21844756,-25.274398,133.775136
Azerbaijan,123,0.5770000000000000,86600,82000,0.14,Baku,37620,156.32000000000000,1.73,0.141,0.56,39207000000.00,0.192,Baku,0.7290000000000000,0.47,Azerbaijani language,0.7860000000000000,10023318,0.665,0.13,0.40700000000000000,0.055100000000000000,5616165,40.143105,47.576927
Bangladesh,1265,0.706,148460,221000,0.1818,Dhaka,84246,179.68,2.04,0.11,1.12,302571254131.00,0.251,Dhaka,0.723,0.51,Bengali,0.718,167310838,0.59,0.08800000000000000,0.33400000000000000,0.04190000000000000,60987417,23.684994,90.356331
Barbados,668,0.233,430,1000,0.1065,Bridgetown,1276,134.09,1.62,0.147,1.81,5209000000.00,0.113,Bridgetown,0.7910000000000000,3.13,English,0.452,287025,0.652,0.275,0.35600000000000000,0.1033,89431,13.193887,-59.543198
Belgium,383,0.446,30528,32000,0.10300000000000000,City of Brussels,96889,117.11,1.62,0.226,1.43,529606710418.00,0.029000000000000000,Brussels,0.816,10.31,French,0.17600000000000000,11484055,0.536,0.24,0.5540000000000000,0.0559,11259082,50.503887,4.469936
Belize,17,0.07,22966,2000,0.2079,Belmopan,568,105.68,2.31,0.597,1.13,1879613600.00,0.11200000000000000,Belize City,0.745,1.65,English,0.22700000000000000,390353,0.6510000000000000,0.263,0.311,0.0641,179039,17.189877,-88.49765
Benin,108,0.33300000000000000,112622,12000,0.36220000000000000,Porto-Novo,6476,110.71,4.84,0.37800000000000000,0.72,14390709095.00,0.605,Cotonou,0.615,0.39,French,0.405,11801151,0.7090000000000000,0.10800000000000000,0.489,0.0223,5648149,9.30769,2.315834
Botswana,4,0.456,581730,9000,0.2482,Gaborone,6340,149.75,2.87,0.18900000000000000,0.71,18340510789.00,0.3,Gaborone,0.693,0.29,English,0.053,2346179,0.708,0.195,0.251,0.1819,1616550,-22.328474,24.684866
Brazil,25,0.33900000000000000,8515770,730000,0.1392,Bras���,462299,167.4,1.73,0.589,1.02,1839758040766.00,0.128,S����,0.757,1.53,Portuguese,0.28300000000000000,212559417,0.639,0.142,0.6510000000000000,0.1208,183241641,-14.235004,-51.92528
Bulgaria,64,0.46300000000000000,110879,31000,0.08900000000000000,Sofia,41708,114.42,1.56,0.354,1.11,86000000000.00,0.059000000000000000,Sofia,0.7490000000000000,1.57,Bulgarian,0.47700000000000000,6975761,0.5540000000000000,0.20200000000000000,0.28300000000000000,0.0434,5256027,42.733883,25.48583
Burkina Faso,76,0.442,274200,11000,0.37930000000000000,Ouagadougou,3418,106.58,5.19,0.193,0.98,15745810235.00,0.49,Ouagadougou,0.612,0.34,French,0.361,20321378,0.664,0.15,0.413,0.0626,6092349,12.238333,-1.561593
Ivory Coast,83,0.648,322463,27000,0.3574,Yamoussoukro,9674,111.61,4.65,0.327,0.93,58792205642.00,0.594,Abidjan,0.574,0.36,French,0.36,25716544,0.57,0.11800000000000000,0.501,0.0332,13176900,7.539989,-5.54708
Cape Verde,138,0.196,4033,1000,0.1949,Praia,543,110.5,2.27,0.225,1.02,1981845741.00,0.16700000000000000,Praia,0.728,0.68,Portuguese,0.23200000000000000,483628,0.605,0.201,0.375,0.1225,364029,16.5388,-23.0418
Cameroon,56,0.20600000000000000,475440,24000,0.3539,Yaound�,8291,118.65,4.57,0.39300000000000000,1.03,38760467033.00,0.506,Douala,0.589,0.35,French,0.6970000000000000,25876380,0.7610000000000000,0.128,0.5770000000000000,0.0338,14741256,7.369722,12.354722
Canada,4,0.069,9984670,72000,0.10100000000000000,Ottawa,544894,116.76,1.5,0.382,0.81,1736425629520.00,0.043,Toronto,0.8190000000000000,9.51,French,0.146,36991981,0.6510000000000000,0.128,0.245,0.0556,30628482,56.130366,-106.346771
Chile,26,0.212,756096,122000,0.1243,Santiago,85822,131.91,1.65,0.243,1.03,282318159745.00,0.062,Santiago,0.8,2.00,Spanish,0.322,18952038,0.626,0.182,0.34,0.0709,16610135,-35.675147,-71.542969
China,153,0.562,9596960,2695000,0.109,Beijing,9893038,125.08,1.69,0.22400000000000000,0.96,19910000000000.00,0.07400000000000000,Shanghai,0.77,0.87,Standard Chinese,0.324,1397715000,0.68,0.094,0.5920000000000000,0.0432,842933962,35.86166,104.195397
Colombia,46,0.40300000000000000,1138910,481000,0.14880000000000000,Bogot�,97814,140.95000000000000,1.81,0.527,0.68,323802808108.00,0.122,Bogot�,0.7710000000000000,1.23,Spanish,0.183,50339443,0.688,0.14400000000000000,0.7120000000000000,0.0971,40827302,4.570868,-74.297333
Costa Rica,100,0.345,51100,10000,0.13970000000000000,San Jos������,8023,128.85000000000000,1.75,0.546,0.98,61773944174.00,0.076,San Jos������,0.8010000000000000,1.84,Spanish,0.215,5047561,0.621,0.136,0.583,0.1185,4041885,9.748917,-83.753428
Croatia,73,0.276,56594,18000,0.09,Zagreb,17488,109.82,1.47,0.344,1.26,60415553039.00,0.04,Zagreb,0.7810000000000000,2.92,Croatian,0.152,4067500,0.512,0.22,0.205,0.0693,2328318,45.1,15.2
Czech Republic,139,0.452,78867,23000,0.107,Prague,102218,116.48,1.69,0.34600000000000000,1.17,246489245495.00,0.027000000000000000,Prague,0.79,3.00,Czech,0.14800000000000000,10669709,0.606,0.149,0.461,0.019300000000000000,7887156,49.817492,15.472962
Democratic Republic of the Congo,40,0.11600000000000000,2344858,134000,0.4118,Kinshasa,2021,133.85000000000000,5.92,0.672,1.49,47319624204.00,0.682,Kinshasa,0.604,0.18,French,0.374,86790567,0.635,0.107,0.507,0.0424,39095679,-4.038333,21.758664
Dominican Republic,225,0.48700000000000000,48670,71000,0.19510000000000000,Santo Domingo,25258,135.5,2.35,0.41700000000000000,1.07,88941298258.00,0.24100000000000000,Santo Domingo,0.7390000000000000,0.40,Spanish,0.43700000000000000,10738958,0.643,0.13,0.488,0.0584,8787475,18.735693,-70.162651
Estonia,31,0.231,45228,6000,0.109,Tallinn,16590,122.14,1.59,0.513,1.14,31386949981.00,0.021,Tallinn,0.782,3.14,Estonian,0.228,1331824,0.636,0.209,0.478,0.051100000000000000,916024,58.595272,25.013607
Fiji,49,0.233,18274,4000,0.21280000000000000,Suva,2046,132.3,2.77,0.5590000000000000,0.82,5535548972.00,0.21600000000000000,Suva,0.6730000000000000,1.28,Fiji Hindi,0.214,889953,0.5760000000000000,0.242,0.321,0.041000000000000000,505048,-17.713371,178.065032
France,119,0.524,643801,307000,0.113,Paris,303276,110.05,1.88,0.312,1.39,2715518274227.00,0.034,Paris,0.825,11.16,French,0.068,67059887,0.551,0.242,0.607,0.0843,54123364,46.227638,2.213749
Gabon,9,0.2,267667,7000,0.3161,Libreville,5321,122.19,3.97,0.9,0.92,16657960228.00,0.327,Libreville,0.662,1.46,French,0.259,2172579,0.529,0.102,0.47100000000000000,0.2,1949694,-0.803689,11.609444
The Gambia,239,0.598,11300,1000,0.38540000000000000,Banjul,532,172.73,5.22,0.484,1.18,1763819048.00,0.39,Serekunda,0.617,0.13,English,0.203,2347706,0.594,0.094,0.484,0.0906,1453958,13.443182,-15.310139
Georgia,57,0.345,69700,26000,0.13470000000000000,Tbilisi,10128,133.61,2.06,0.406,0.76,17743195770.00,0.087,Tbilisi,0.736,0.05,Georgian,0.573,3720382,0.6830000000000000,0.217,0.099,0.14400000000000000,2196476,42.315407,43.356892
Germany,240,0.47700000000000000,357022,180000,0.095,Berlin,727973,112.85,1.56,0.327,1.39,3845630030824.00,0.031,Berlin,0.809,9.99,German,0.125,83132799,0.608,0.115,0.488,0.0304,64324835,51.165691,10.451526
Ghana,137,0.69,238533,16000,0.29410000000000000,Accra,16670,268.36,3.87,0.41200000000000000,0.92,66983634224.00,0.349,Accra,0.638,0.27,English,0.361,30792608,0.6780000000000000,0.126,0.5540000000000000,0.0433,17249054,7.946527,-1.023194
Greece,81,0.47600000000000000,131957,146000,0.081,Athens,62434,101.87,1.35,0.317,1.54,209852761469.00,0.036000000000000000,Macedonia,0.813,4.46,Greek,0.355,10716322,0.518,0.262,0.519,0.1724,8507474,39.074208,21.824312
Guatemala,167,0.36,108889,43000,0.24560000000000000,Guatemala City,16777,142.92000000000000,2.87,0.327,0.79,76710385880.00,0.221,Guatemala City,0.741,1.60,Spanish,0.5580000000000000,16604026,0.623,0.106,0.35200000000000000,0.0246,8540945,15.783471,-90.230759
Honduras,89,0.289,112090,23000,0.21600000000000000,Tegucigalpa,9813,150.34,2.46,0.4,0.98,25095395475.00,0.151,Tegucigalpa,0.7510000000000000,1.01,Spanish,0.491,9746117,0.688,0.17300000000000000,0.391,0.053900000000000000,5626433,15.199999,-86.241905
Hungary,107,0.584,93028,40000,0.096,Budapest,45537,121.64,1.54,0.22900000000000000,1.18,160967157504.00,0.036000000000000000,Budapest,0.758,2.62,Hungarian,0.29,9769949,0.565,0.23,0.379,0.034,6999582,47.162494,19.503304
India,464,0.604,3287263,3031000,0.17860000000000000,New Delhi,2407672,180.44,2.22,0.23800000000000000,0.97,2611000000000.00,0.299,Kurebhar,0.6940000000000000,0.30,Hindi,0.6510000000000000,1366417754,0.493,0.11200000000000000,0.49700000000000000,0.0536,471031528,20.593684,78.96288
Indonesia,151,0.315,1904569,676000,0.1807,Jakarta,563325,151.18,2.31,0.499,0.63,1119190780753.00,0.21100000000000000,Kalimantan,0.715,0.48,Indonesian,0.483,270203917,0.675,0.102,0.301,0.046900000000000000,151509724,-0.789275,113.921327
Iran,52,0.282,1648195,563000,0.18780000000000000,Tehran,661710,550.93,2.14,0.066,0.40,445345282123.00,0.124,Tehran,0.765,1.58,Persian,0.397,82913906,0.447,0.07400000000000000,0.447,0.11380000000000000,62509623,32.427908,53.688046
Iraq,93,0.214,438317,209000,0.2908,Baghdad,190061,119.86,3.67,0.019,0.61,234094042939.00,0.225,Baghdad,0.705,1.24,Arabic,0.765,39309783,0.43,0.02,0.308,0.1282,27783368,33.223191,43.679291
Israel,400,0.24600000000000000,20770,178000,0.20800000000000000,Jerusalem,65166,108.15,3.09,0.077,1.57,395098666122.00,0.03,Jerusalem,0.828,7.58,Hebrew,0.244,9053300,0.64,0.231,0.253,0.038600000000000000,8374393,31.046051,34.851612
Jamaica,273,0.41,10991,4000,0.161,Kingston Jamaica,8225,162.47,1.98,0.309,1.11,16458071068.00,0.124,Kingston Jamaica,0.7440000000000000,1.33,Jamaican English,0.237,2948279,0.66,0.268,0.35100000000000000,0.08,1650594,18.109581,-77.297508
Jordan,115,0.12,89342,116000,0.2198,Amman,25108,125.6,2.76,0.011000000000000000,1.10,43743661972.00,0.139,Amman,0.7440000000000000,1.49,Arabic,0.251,10101694,0.39300000000000000,0.151,0.28600000000000000,0.1472,9213048,30.585164,36.238414
Kazakhstan,7,0.804,2724900,71000,0.2177,Astana,247207,182.75,2.84,0.012,0.42,180161741180.00,0.08800000000000000,Almaty,0.732,0.41,Russian,0.38800000000000000,18513930,0.688,0.11700000000000000,0.284,0.045900000000000000,10652915,48.019573,66.923684
Kenya,94,0.485,580367,29000,0.2875,Nairobi,17910,180.51,3.49,0.078,0.95,95503088538.00,0.306,Nairobi,0.6630000000000000,0.25,Swahili,0.33400000000000000,52573973,0.747,0.151,0.37200000000000000,0.0264,14461523,-0.023559,37.906193
Kuwait,240,0.084,17818,25000,0.1394,Kuwait City,98734,126.6,2.08,0.004,0.35,134761198946.00,0.067,Kuwait City,0.754,0.95,Modern Standard Arabic,0.14400000000000000,4207083,0.735,0.014000000000000000,0.13,0.0218,4207083,29.31166,47.481766
Kyrgyzstan,34,0.55,199951,21000,0.271,Bishkek,9787,155.68,3.3,0.033,0.56,8454619608.00,0.16900000000000000,Bishkek,0.7140000000000000,0.09,Russian,0.48200000000000000,6456900,0.598,0.18,0.29,0.0633,2362644,41.20438,74.766098
Laos,32,0.10300000000000000,236800,129000,0.23550000000000000,Vientiane,17763,135.87,2.67,0.821,0.93,18173839128.00,0.376,Vientiane,0.6760000000000000,0.83,Lao,0.45400000000000000,7169455,0.785,0.129,0.24100000000000000,0.0063,2555552,19.85627,102.495496
Latvia,30,0.311,64589,6000,0.1,Riga,7004,116.86,1.6,0.54,1.16,34117202555.00,0.033,Riga,0.747,2.80,Latvian,0.41600000000000000,1912789,0.614,0.22900000000000000,0.381,0.0652,1304943,56.879635,24.603189
Lebanon,667,0.643,10400,80000,0.17550000000000000,Beirut,24796,130.02,2.09,0.134,0.74,53367042272.00,0.064,Tripoli Lebanon,0.789,2.15,Arabic,0.321,6855713,0.47,0.153,0.322,0.0623,6084994,33.854721,35.862285
Lithuania,43,0.47200000000000000,65300,34000,0.1,Vilnius,12963,118.38,1.63,0.348,1.16,54219315600.00,0.033,Vilnius,0.757,2.41,Lithuanian,0.321,2786844,0.616,0.16900000000000000,0.426,0.0635,1891013,55.169438,23.881275
Luxembourg,242,0.537,2586,2000,0.10300000000000000,Luxembourg City,8988,115.09,1.37,0.35700000000000000,1.19,71104919108.00,0.019,Luxembourg City,0.821,13.05,Luxembourgish,0.106,645397,0.593,0.265,0.204,0.0536,565488,49.815273,6.129583
Madagascar,48,0.7120000000000000,587041,22000,0.32660000000000000,Antananarivo,3905,184.33,4.08,0.214,1.11,14083906357.00,0.382,Antananarivo,0.667,0.21,French,0.217,26969307,0.861,0.102,0.38300000000000000,0.0176,10210849,-18.766947,46.869107
Malawi,203,0.614,118484,15000,0.34120000000000000,Lilongwe,1298,418.34,4.21,0.332,1.15,7666704427.00,0.353,Lilongwe,0.638,0.12,English,0.11,18628747,0.767,0.17300000000000000,0.345,0.0565,3199301,-13.254308,34.301525
Malaysia,99,0.263,329847,136000,0.1675,Kuala Lumpur,248289,121.46,2,0.6760000000000000,0.45,364701517788.00,0.067,Johor Bahru,0.76,0.93,Malaysian language,0.36700000000000000,32447385,0.643,0.12,0.387,0.0332,24475766,4.210484,101.975766
Mali,17,0.33800000000000000,1240192,18000,0.4154,Bamako,3179,108.73,5.88,0.038,1.12,17510141171.00,0.62,Bamako,0.589,0.23,French,0.46300000000000000,19658031,0.708,0.11600000000000000,0.545,0.0722,8479688,17.570692,-3.996166
Malta,1380,0.324,316,2000,0.092,Valletta,1342,113.45,1.23,0.011000000000000000,1.36,14786156563.00,0.061,Birkirkara,0.823,5.07,Maltese,0.371,502653,0.565,0.262,0.44,0.0347,475902,35.937496,14.375416
Mauritius,626,0.424,2040,3000,0.102,Port Louis,4349,129.91,1.41,0.19,1.12,14180444557.00,0.136,Port Louis,0.7440000000000000,0.38,French,0.507,1265711,0.583,0.191,0.222,0.0667,515980,-20.348404,57.552152
Mexico,66,0.546,1964375,336000,0.17600000000000000,Mexico City,486406,141.54,2.13,0.33900000000000000,0.73,1258286717125.00,0.11,Mexico City,0.75,0.49,None,0.414,126014024,0.607,0.131,0.551,0.0342,102626859,23.634501,-102.552784
Moldova,123,0.742,33851,7000,0.10100000000000000,Chi����,5115,166.2,1.26,0.126,0.80,11955435457.00,0.136,Chi����,0.718,0.31,Romanian,0.462,2657637,0.431,0.177,0.387,0.0547,1135502,47.411631,28.369885
Mongolia,2,0.715,1564116,18000,0.2413,Ulaanbaatar,25368,195.76,2.9,0.08,0.72,13852850259.00,0.14,Ulaanbaatar,0.6970000000000000,0.65,Mongolian,0.39300000000000000,3225167,0.597,0.168,0.257,0.0601,2210626,46.862496,103.846656
Morocco,83,0.685,446550,246000,0.1894,Rabat,61276,111.07,2.42,0.126,0.99,118725279596.00,0.192,Casablanca,0.765,1.60,Arabic,0.531,36910560,0.45300000000000000,0.21900000000000000,0.45800000000000000,0.0902,22975026,31.791702,-7.09262
Mozambique,40,0.635,799380,11000,0.37520000000000000,Maputo,7943,182.31,4.85,0.48,0.65,14934159926.00,0.54,Maputo,0.602,0.27,Portuguese,0.068,30366036,0.7810000000000000,0,0.361,0.032400000000000000,11092106,-18.665695,35.529562
Myanmar,83,0.195,676578,513000,0.17550000000000000,Naypyidaw,25280,168.18,2.15,0.436,0.54,76085852617.00,0.368,Yangon,0.669,0.39,Burmese,0.7390000000000000,54045420,0.617,0.054000000000000000,0.312,0.0158,16674093,21.916221,95.955974
Nepal,203,0.287,147181,112000,0.1989,Kathmandu,9105,188.73,1.92,0.254,0.91,30641380604.00,0.267,Kathmandu,0.705,0.36,Nepali,0.604,28608710,0.838,0.207,0.418,0.0141,5765513,28.394857,84.124008
New Zealand,18,0.405,268838,9000,0.1198,Wellington,34382,114.24,1.71,0.386,1.40,206928765544.00,0.047,Auckland,0.8190000000000000,11.49,English,0.126,4841000,0.6990000000000000,0.29,0.34600000000000000,0.0407,4258860,-40.900557,174.885971
Nicaragua,55,0.42100000000000000,130370,12000,0.2064,Managua,5592,162.74000000000000,2.4,0.259,0.91,12520915291.00,0.157,Managua,0.743,0.54,Spanish,0.36,6545502,0.664,0.156,0.606,0.0684,3846137,12.865416,-85.207229
Niger,19,0.361,1267000,10000,0.4608,Niamey,2017,109.32,6.91,0.009000000000000000,0.88,12928145120.00,0.48,Niamey,0.62,0.29,French,0.523,23310715,0.72,0.11800000000000000,0.47200000000000000,0.004700000000000000,3850231,17.607789,8.081666
Nigeria,226,0.777,923768,215000,0.3791,Abuja,120369,267.51,5.39,0.07200000000000000,0.46,448120428859.00,0.757,Lagos,0.5430000000000000,0.54,English,0.722,200963599,0.529,0.015,0.348,0.081,102806948,9.081999,8.675277
Oman,16,0.046,309500,47000,0.19190000000000000,Muscat,63457,113.53,2.89,0,0.45,76983094928.00,0.098,Seeb,0.7760000000000000,4.33,Arabic,0.064,5266535,0.7240000000000000,0.025,0.27400000000000000,0.026700000000000000,4250777,21.4735329,55.975413
Pakistan,287,0.478,796095,936000,0.2825,Islamabad,201150,182.32,3.51,0.019,0.79,304400000000.00,0.5720000000000000,Karachi,0.6710000000000000,0.69,Urdu,0.665,216565318,0.526,0.092,0.33900000000000000,0.044500000000000000,79927762,30.375321,69.345116
Papua New Guinea,20,0.026000000000000000,462840,4000,0.2707,Port Moresby,7536,155.99,3.56,0.741,1.36,24969611435.00,0.38,Port Moresby,0.643,1.16,Tok Pisin,0.058000000000000000,8776109,0.47200000000000000,0.136,0.371,0.0246,1162834,-6.314993,143.95555
Paraguay,18,0.551,406752,27000,0.2057,Asunci��,7407,143.82000000000000,2.43,0.377,1.04,38145288940.00,0.172,Ciudad del Este,0.741,1.55,Spanish,0.365,7044636,0.721,0.1,0.35,0.0481,4359150,-23.442503,-58.443832
Peru,26,0.185,1285216,158000,0.1795,Lima,57414,129.78,2.25,0.5770000000000000,0.99,226848050820.00,0.111,Lima,0.765,1.28,Spanish,0.309,32510453,0.7760000000000000,0.14300000000000000,0.368,0.0331,25390339,-9.189967,-75.015152
Philippines,368,0.41700000000000000,300000,153000,0.20550000000000000,Manila,122287,129.61,2.58,0.278,0.86,376795508680.00,0.225,Manila,0.711,1.12,English,0.535,108116615,0.596,0.14,0.431,0.0215,50975903,12.879721,121.774017
Poland,124,0.469,312685,191000,0.102,Warsaw,299037,114.11,1.46,0.309,1.07,592164400688.00,0.038,Warsaw,0.7760000000000000,2.93,Polish,0.23200000000000000,37970874,0.5670000000000000,0.174,0.408,0.0347,22796574,51.919438,19.145136
Portugal,111,0.395,92212,52000,0.085,Lisbon,48742,110.62,1.38,0.34600000000000000,1.54,237686075635.00,0.031,Lisbon,0.813,3.78,Portuguese,0.27700000000000000,10269417,0.588,0.228,0.39800000000000000,0.0633,6753579,39.399872,-8.224454
Romania,84,0.588,238391,126000,0.096,Bucharest,69259,123.78,1.71,0.301,1.16,250077444017.00,0.061,Bucharest,0.754,2.25,Romanian,0.213,19356544,0.547,0.146,0.2,0.0398,10468793,45.943161,24.96676
Russia,9,0.133,17098240,1454000,0.115,Moscow,1732027,180.75,1.57,0.498,0.59,1699876578871.00,0.061,Moscow,0.727,0.53,Russian,0.364,144373535,0.618,0.114,0.462,0.045900000000000000,107683889,61.52401,105.318756
Saudi Arabia,16,0.8080000000000000,2149690,252000,0.17800000000000000,Riyadh,563449,118.4,2.32,0.005,0.24,792966838162.00,0.06,Riyadh,0.75,3.85,Arabic,0.15,34268528,0.5590000000000000,0.08900000000000000,0.157,0.0593,28807838,23.885942,45.079162
Senegal,87,0.461,196722,19000,0.3452,Dakar,10902,109.25,4.63,0.428,1.14,23578084052.00,0.318,Pikine,0.677,0.31,French,0.442,16296364,0.457,0.163,0.44800000000000000,0.066,7765706,14.497401,-14.452362
Serbia,100,0.39300000000000000,77474,32000,0.092,Belgrade,45221,144,1.49,0.311,1.16,51409167351.00,0.048,Belgrade,0.755,1.57,Serbian,0.406,6944975,0.5490000000000000,0.18600000000000000,0.366,0.12690000000000000,3907243,44.016521,21.005859
Sierra Leone,111,0.547,71740,9000,0.33410000000000000,Freetown,1093,234.16,4.26,0.431,1.08,3941474311.00,0.785,Freetown,0.5430000000000000,0.57,English,0.382,7813215,0.579,0.086,0.307,0.0443,3319366,8.460555,-11.779889
Slovakia,114,0.392,49035,16000,0.106,Bratislava,32424,115.34,1.52,0.40400000000000000,1.32,105422304976.00,0.046,Bratislava,0.772,3.11,Slovak,0.184,5454073,0.595,0.187,0.49700000000000000,0.0556,2930419,48.669026,19.699024
Slovenia,103,0.307,20273,7000,0.094,Ljubljana,12633,111.05,1.6,0.62,1.32,53742159517.00,0.017,Ljubljana,0.81,5.25,Slovene language,0.125,2087946,0.584,0.18600000000000000,0.31,0.042,1144654,46.151241,14.995463
South Korea,527,0.174,99720,634000,0.064,Seoul,620302,115.16,0.98,0.634,1.22,2029000000000.00,0.027000000000000000,Seoul,0.826,6.49,Korean,0.368,51709098,0.63,0.156,0.332,0.0415,42106719,35.907757,127.766922
Spain,94,0.526,505370,196000,0.079,Madrid,244002,110.96,1.26,0.369,1.26,1394116310769.00,0.025,Madrid,0.833,5.60,Spanish,0.242,47076781,0.575,0.142,0.47,0.1396,37927409,40.463667,-3.74922
Sri Lanka,341,0.43700000000000000,65610,317000,0.1583,Colombo,23362,155.53,2.2,0.32900000000000000,0.88,84008783756.00,0.064,Colombo,0.768,0.35,Tamil,0.384,21803000,0.539,0.11900000000000000,0.552,0.042,4052088,7.873054,80.771797
Sudan,25,0.287,1861484,124000,0.3218,Khartoum,20000,1344.1900000000000,4.41,0.081,0.95,18902284476.00,0.42100000000000000,Omdurman,0.6510000000000000,0.41,Arabic,0.632,42813238,0.484,0.08,0.45400000000000000,0.1653,14957233,12.862807,30.217636
Syria,95,0.758,185180,239000,0.2369,Damascus,28830,143.2,2.81,0.027000000000000000,0.83,40405006007.00,0.14,Damascus,0.718,1.02,Arabic,0.537,17070135,0.441,0.142,0.42700000000000000,0.0837,9358019,34.802075,38.996815
Tajikistan,68,0.341,144100,17000,0.30760000000000000,Dushanbe,5310,148.57,3.59,0.03,0.71,8116626794.00,0.304,Dushanbe,0.7090000000000000,0.23,Persian,0.631,9321018,0.42,0.098,0.6730000000000000,0.11020000000000000,2545477,38.861034,71.276093
Tanzania,67,0.44800000000000000,947300,28000,0.36700000000000000,Dodoma,11973,187.43,4.89,0.516,0.87,63177068175.00,0.376,Dar es Salaam,0.65,0.09,Swahili,0.261,58005463,0.8340000000000000,0.115,0.43800000000000000,0.019800000000000000,20011885,-6.369028,34.888822
Thailand,137,0.433,513120,455000,0.10340000000000000,Bangkok,283763,113.27,1.53,0.322,0.71,543649976166.00,0.078,Bangkok,0.769,1.06,Thai,0.11800000000000000,69625582,0.6730000000000000,0.149,0.295,0.0075,35294600,15.870032,100.992541
East Timor,89,0.256,14874,2000,0.2942,Dili,495,145.38000000000000,4.02,0.45400000000000000,1.10,1673540300.00,0.39300000000000000,Dili,0.693,0.60,Portuguese,0.102,3500000,0.6730000000000000,0.25,0.17300000000000000,0.0455,400182,-8.874217,125.727539
Togo,152,0.7020000000000000,56785,10000,0.3311,Lom�,3000,113.3,4.32,0.031,0.71,5459979417.00,0.474,Lom�,0.608,0.34,French,0.51,8082366,0.7760000000000000,0.16900000000000000,0.48200000000000000,0.0204,3414638,8.619543,0.824782
Trinidad and Tobago,273,0.105,5128,4000,0.1294,Port of Spain,43868,141.75,1.73,0.46,0.54,24100202834.00,0.16400000000000000,Chaguanas,0.7340000000000000,2.25,English,0.373,1394973,0.6,0.195,0.405,0.0269,741944,10.691803,-61.222503
Tunisia,76,0.648,163610,48000,0.17560000000000000,Tunis,29937,155.33,2.2,0.068,0.73,38797709924.00,0.146,Tunis,0.765,0.47,Arabic,0.39800000000000000,11694719,0.461,0.21100000000000000,0.607,0.1602,8099061,33.886917,9.537499
Turkey,110,0.498,783562,512000,0.1603,Ankara,372725,234.44,2.07,0.154,1.42,754411708203.00,0.091,Istanbul,0.774,3.45,Turkish,0.16900000000000000,83429615,0.528,0.179,0.423,0.1349,63097818,38.963745,35.243322
Uganda,229,0.7190000000000000,241038,46000,0.3814,Kampala,5680,173.87,4.96,0.09700000000000000,0.94,34387229486.00,0.33800000000000000,Buganda,0.63,0.01,Swahili,0.405,44269594,0.703,0.11700000000000000,0.337,0.0184,10784516,1.373333,32.290275
Ukraine,75,0.7170000000000000,603550,297000,0.087,Kyiv,202250,281.66,1.3,0.16700000000000000,0.83,153781069118.00,0.075,Kyiv,0.716,0.84,Ukrainian,0.478,44385155,0.542,0.201,0.452,0.0888,30835699,48.379433,31.16558
United Kingdom,281,0.7170000000000000,243610,148000,0.11,London,379025,119.62,1.68,0.131,1.46,2827113184696.00,0.036000000000000000,London,0.813,10.13,English,0.14800000000000000,66834405,0.628,0.255,0.306,0.0385,55908316,55.378051,-3.435973
United States,36,0.444,9833517,1359000,0.11600000000000000,Washington D.C.,5006302,117.24,1.73,0.33900000000000000,0.71,21427700000000.00,0.056000000000000000,New York City,0.785,7.25,None,0.111,328239523,0.62,0.096,0.366,0.147,270663028,37.09024,-95.712891
Uruguay,20,0.826,176215,22000,0.1386,Montevideo,6766,202.92,1.97,0.107,1.50,56045912952.00,0.064,Montevideo,0.778,1.66,Spanish,0.162,3461734,0.64,0.201,0.418,0.0873,3303394,-32.522779,-55.765835
Vietnam,314,0.39300000000000000,331210,522000,0.1675,Hanoi,192668,163.52,2.05,0.48100000000000000,0.80,261921244843.00,0.165,Ho Chi Minh City,0.753,0.73,Vietnamese,0.435,96462106,0.774,0.191,0.376,0.020100000000000000,35332140,14.058324,108.277199
Zambia,25,0.321,752618,16000,0.3619,Lusaka,5141,212.31,4.63,0.652,1.40,23064722446.00,0.40400000000000000,Lusaka,0.635,0.24,English,0.275,17861030,0.746,0.162,0.156,0.1143,7871713,-13.133897,27.849332